INSERT INTO `regions` (`region_id`, `region`) VALUES (2, 'Shrine Ruins');
INSERT INTO `regions` (`region_id`, `region`) VALUES (3, 'Flooded Forest');
INSERT INTO `regions` (`region_id`, `region`) VALUES (4, 'Frost Islands');
INSERT INTO `regions` (`region_id`, `region`) VALUES (5, 'Sandy Plains');
INSERT INTO `regions` (`region_id`, `region`) VALUES (6, 'Lava Caverns');
INSERT INTO `regions` (`region_id`, `region`) VALUES (7, 'Coral Palace');
INSERT INTO `regions` (`region_id`, `region`) VALUES (1, 'Arena');
INSERT INTO `regions` (`region_id`, `region`) VALUES (8, 'Infernal Springs');

INSERT INTO `quest_type` (`quest_type_id`, `quest_type`) VALUES (1, 'Hunt');
INSERT INTO `quest_type` (`quest_type_id`, `quest_type`) VALUES (2, 'Capture');
INSERT INTO `quest_type` (`quest_type_id`, `quest_type`) VALUES (3, 'Slaying');

INSERT INTO `quests` (`quest_number`, `Name`, `quest_rank`, `quest_type_id`, `region_id`, `Reward`) VALUES (1, 'The Swirling Gale', 4, 1, 2, 3240);
INSERT INTO `quests` (`quest_number`, `Name`, `quest_rank`, `quest_type_id`, `region_id`, `Reward`) VALUES (2, 'Divine Comedy', 4, 1, 2, 5760);
INSERT INTO `quests` (`quest_number`, `Name`, `quest_rank`, `quest_type_id`, `region_id`, `Reward`) VALUES (3, 'Didnt Get the Memo', 4, 1, 4, 5400);
INSERT INTO `quests` (`quest_number`, `Name`, `quest_rank`, `quest_type_id`, `region_id`, `Reward`) VALUES (4, 'Dancing A-purr-ition', 4, 1, 2, 4320);
INSERT INTO `quests` (`quest_number`, `Name`, `quest_rank`, `quest_type_id`, `region_id`, `Reward`) VALUES (5, 'The Frost Islands Arena', 4, 1, 4, 5040);
INSERT INTO `quests` (`quest_number`, `Name`, `quest_rank`, `quest_type_id`, `region_id`, `Reward`) VALUES (6, 'Even Cute Things Have Fangs', 4, 1, 4, 3600);
INSERT INTO `quests` (`quest_number`, `Name`, `quest_rank`, `quest_type_id`, `region_id`, `Reward`) VALUES (7, 'Night of the Khezu', 4, 1, 4, 5040);
INSERT INTO `quests` (`quest_number`, `Name`, `quest_rank`, `quest_type_id`, `region_id`, `Reward`) VALUES (8, 'Dango Duty', 4, 3, 4, 2520);
INSERT INTO `quests` (`quest_number`, `Name`, `quest_rank`, `quest_type_id`, `region_id`, `Reward`) VALUES (9, 'Totally Not Cool, Kulu', 4, 1, 2, 5760);
INSERT INTO `quests` (`quest_number`, `Name`, `quest_rank`, `quest_type_id`, `region_id`, `Reward`) VALUES (10, 'Study the Sword & Shield', 4, 2, 4, 5760);
INSERT INTO `quests` (`quest_number`, `Name`, `quest_rank`, `quest_type_id`, `region_id`, `Reward`) VALUES (11, 'Honing Your Hunting Horn', 4, 1, 2, 6120);
INSERT INTO `quests` (`quest_number`, `Name`, `quest_rank`, `quest_type_id`, `region_id`, `Reward`) VALUES (12, 'Study the Switch Axe', 4, 1, 4, 6480);
INSERT INTO `quests` (`quest_number`, `Name`, `quest_rank`, `quest_type_id`, `region_id`, `Reward`) VALUES (13, 'Learning the Light Bowgun', 4, 1, 1, 5760);
INSERT INTO `quests` (`quest_number`, `Name`, `quest_rank`, `quest_type_id`, `region_id`, `Reward`) VALUES (14, 'Donning Toxicity', 4, 1, 2, 3600);
INSERT INTO `quests` (`quest_number`, `Name`, `quest_rank`, `quest_type_id`, `region_id`, `Reward`) VALUES (15, 'Lost and Found', 4, 3, 2, 2520);
INSERT INTO `quests` (`quest_number`, `Name`, `quest_rank`, `quest_type_id`, `region_id`, `Reward`) VALUES (16, 'Blue, Round, and Cute', 4, 2, 2, 4680);

INSERT INTO `monsters` (`Monster`, `threat_level`, `attack_attribute`, `weapon_vulnerability`, `attribute_weakness`) VALUES ('Great Izuchi', 1, 'Pure', 'Slash', 'Poison');
INSERT INTO `monsters` (`Monster`, `threat_level`, `attack_attribute`, `weapon_vulnerability`, `attribute_weakness`) VALUES ('Great Baggi', 1, 'Sleep', 'Slash', 'Blast');
INSERT INTO `monsters` (`Monster`, `threat_level`, `attack_attribute`, `weapon_vulnerability`, `attribute_weakness`) VALUES ('Kulu-Ya-Ku', 2, 'Pure', 'Blunt', 'Blast');
INSERT INTO `monsters` (`Monster`, `threat_level`, `attack_attribute`, `weapon_vulnerability`, `attribute_weakness`) VALUES ('Great Wroggi', 2, 'Poison', 'Slash', 'Paralysis');
INSERT INTO `monsters` (`Monster`, `threat_level`, `attack_attribute`, `weapon_vulnerability`, `attribute_weakness`) VALUES ('Arzuros', 1, 'Pure', 'Ammo', 'Sleep');
INSERT INTO `monsters` (`Monster`, `threat_level`, `attack_attribute`, `weapon_vulnerability`, `attribute_weakness`) VALUES ('Lagombi', 1, 'Ice', 'Blunt', 'Blast');
INSERT INTO `monsters` (`Monster`, `threat_level`, `attack_attribute`, `weapon_vulnerability`, `attribute_weakness`) VALUES ('Volvidon', 4, 'Stench', 'Slash', 'Water');
INSERT INTO `monsters` (`Monster`, `threat_level`, `attack_attribute`, `weapon_vulnerability`, `attribute_weakness`) VALUES ('Aknosom', 2, 'Fire', 'Slash', 'Water');
INSERT INTO `monsters` (`Monster`, `threat_level`, `attack_attribute`, `weapon_vulnerability`, `attribute_weakness`) VALUES ('Royal Ludroth', 3, 'Water', 'Ammo', 'Fire');
INSERT INTO `monsters` (`Monster`, `threat_level`, `attack_attribute`, `weapon_vulnerability`, `attribute_weakness`) VALUES ('Barroth', 3, 'Water', 'Blunt', 'Blast');
INSERT INTO `monsters` (`Monster`, `threat_level`, `attack_attribute`, `weapon_vulnerability`, `attribute_weakness`) VALUES ('Khezu', 2, 'Thunder', 'Ammo', 'Poison');
INSERT INTO `monsters` (`Monster`, `threat_level`, `attack_attribute`, `weapon_vulnerability`, `attribute_weakness`) VALUES ('Tetranadon', 2, 'Water', 'Blunt', 'Paralysis');

INSERT INTO `quest_details` (`quest_number`, `Monster`) VALUES (1, 'Great Izuchi');
INSERT INTO `quest_details` (`quest_number`, `Monster`) VALUES (2, 'Arzuros');
INSERT INTO `quest_details` (`quest_number`, `Monster`) VALUES (2, 'Kulu-Ya-Ku');
INSERT INTO `quest_details` (`quest_number`, `Monster`) VALUES (3, 'Great Baggi');
INSERT INTO `quest_details` (`quest_number`, `Monster`) VALUES (4, 'Aknosom');
INSERT INTO `quest_details` (`quest_number`, `Monster`) VALUES (5, 'Tetranadon');
INSERT INTO `quest_details` (`quest_number`, `Monster`) VALUES (6, 'Lagombi');
INSERT INTO `quest_details` (`quest_number`, `Monster`) VALUES (7, 'Khezu');
INSERT INTO `quest_details` (`quest_number`, `Monster`) VALUES (9, 'Kulu-Ya-Ku');
INSERT INTO `quest_details` (`quest_number`, `Monster`) VALUES (10, 'Aknosom');
INSERT INTO `quest_details` (`quest_number`, `Monster`) VALUES (11, 'Great Izuchi');
INSERT INTO `quest_details` (`quest_number`, `Monster`) VALUES (11, 'Tetranadon');
INSERT INTO `quest_details` (`quest_number`, `Monster`) VALUES (12, 'Lagombi');
INSERT INTO `quest_details` (`quest_number`, `Monster`) VALUES (12, 'Khezu');
INSERT INTO `quest_details` (`quest_number`, `Monster`) VALUES (13, 'Great Baggi');
INSERT INTO `quest_details` (`quest_number`, `Monster`) VALUES (13, 'Great Wroggi');
INSERT INTO `quest_details` (`quest_number`, `Monster`) VALUES (16, 'Arzuros');